{"0": [0], "1": [0], "2": [0], "3": [0], "4": [0], "5": [0], "6": [0], "7": [1], "8": [1], "9": [1], "10": [1], "11": [1], "12": [2], "13": [2], "14": [2], "15": [3], "16": [3], "17": [3], "18": [3], "19": [3], "20": [3], "21": [3], "22": [4], "23": [4], "24": [2], "25": [2], "26": [2], "27": [2], "28": [5], "29": [5], "30": [6], "31": [7], "32": [7], "33": [8], "34": [5], "35": [5], "36": [5], "37": [5], "38": [8], "39": [8], "40": [8], "41": [8], "42": [8], "43": [9], "44": [9], "45": [9], "46": [9], "47": [9], "48": [9], "49": [9], "50": [9], "51": [9], "52": [9], "53": [10], "54": [10], "55": [10], "56": [10], "57": [10], "58": [11], "59": [11], "60": [12], "61": [11], "62": [11], "63": [11], "64": [12], "65": [11], "66": [11], "67": [11], "68": [11], "69": [11], "70": [11], "71": [11], "72": [11], "73": [11], "74": [11], "75": [11], "76": [12], "77": [11], "78": [6, 13], "79": [6, 13], "80": [6, 13], "81": [6, 13], "82": [0], "83": [0], "84": [0], "85": [0], "86": [0], "87": [0], "88": [0], "89": [0], "90": [0], "91": [14, 15], "92": [14, 15], "93": [14, 15], "94": [14, 15], "95": [14, 15], "96": [14, 15], "97": [14, 15], "98": [14, 15], "99": [14, 15], "100": [14, 15], "101": [14, 15], "102": [1], "103": [1], "104": [2], "105": [2], "106": [2], "107": [3], "108": [3], "109": [3], "110": [3], "111": [3], "112": [3], "113": [13], "114": [13], "115": [4], "116": [4], "117": [4], "118": [4], "119": [4], "120": [2], "121": [16], "122": [16], "123": [16], "124": [16], "125": [16], "126": [16], "127": [16], "128": [5], "129": [5], "130": [5], "131": [6], "132": [6], "133": [17, 18], "134": [17, 18], "135": [17, 18], "136": [17, 18], "137": [17, 18], "138": [17, 18], "139": [17, 18], "140": [17, 18], "141": [19], "142": [19], "143": [19], "144": [5], "145": [5], "146": [2], "147": [2], "148": [8], "149": [8], "150": [9], "151": [10], "152": [10], "153": [10], "154": [10], "155": [10], "156": [10], "157": [10], "158": [10], "159": [9], "160": [9], "161": [9], "162": [9], "163": [9], "164": [9], "165": [11], "166": [12], "167": [11], "168": [12], "169": [11], "170": [20], "171": [20], "172": [20], "173": [20], "174": [20], "175": [20], "176": [20], "177": [20], "178": [20], "179": [20], "180": [20], "181": [0], "182": [3], "183": [3], "184": [3], "185": [8], "186": [5], "187": [5], "188": [8], "189": [8], "190": [8], "191": [8], "192": [8], "193": [8], "194": [8], "195": [8], "196": [10], "197": [6, 13], "198": [6, 13], "199": [3], "200": [3], "201": [3], "202": [13], "203": [13], "204": [4], "205": [4], "206": [4], "207": [16], "208": [9], "209": [9], "210": [9], "211": [9], "212": [9], "213": [9], "214": [9], "215": [9], "216": [9], "217": [9], "218": [9], "219": [9], "220": [9], "221": [9], "222": [9], "223": [11], "224": [12], "225": [12], "226": [11], "227": [12], "228": [11], "229": [11], "230": [20], "231": [0], "232": [2], "233": [3], "234": [2], "235": [2], "236": [2], "237": [2], "238": [2], "239": [8], "240": [6, 13], "241": [0], "242": [0], "243": [2], "244": [2], "245": [2], "246": [3], "247": [3], "248": [3], "249": [3], "250": [13], "251": [13], "252": [13], "253": [13], "254": [13], "255": [2], "256": [2], "257": [2], "258": [5], "259": [5], "260": [6], "261": [6], "262": [7], "263": [7], "264": [7], "265": [7], "266": [7], "267": [7], "268": [7], "269": [5], "270": [5], "271": [2], "272": [2], "273": [8], "274": [10], "275": [10], "276": [10], "277": [10], "278": [10], "279": [10], "280": [10], "281": [10], "282": [10], "283": [0], "284": [0], "285": [2], "286": [5], "287": [8], "288": [8], "289": [8], "290": [5], "291": [8], "292": [8], "293": [8], "294": [8], "295": [10], "296": [10], "297": [10], "298": [20], "299": [20], "300": [0], "301": [1], "302": [1], "303": [1], "304": [14, 21], "305": [2], "306": [3], "307": [3], "308": [4], "309": [4], "310": [4], "311": [4], "312": [4], "313": [5], "314": [5], "315": [6], "316": [6], "317": [5], "318": [5], "319": [5], "320": [2], "321": [8], "322": [8], "323": [9], "324": [10], "325": [10], "326": [20], "327": [20], "328": [20], "329": [0], "330": [2], "331": [5], "332": [5], "333": [5], "334": [5], "335": [5], "336": [8], "337": [5], "338": [5], "339": [2], "340": [2], "341": [8], "342": [20], "343": [20], "344": [0, 21], "345": [14, 21], "346": [2], "347": [3], "348": [2], "349": [6], "350": [6], "351": [6], "352": [8], "353": [8], "354": [5], "355": [8], "356": [8], "357": [8], "358": [8], "359": [8], "360": [8], "361": [10], "362": [10], "363": [20], "364": [20], "365": [2], "366": [16], "367": [16], "368": [16], "369": [5], "370": [5], "371": [2], "372": [2], "373": [2], "374": [2], "375": [8], "376": [8], "377": [8], "378": [20], "379": [0], "380": [2], "381": [2], "382": [4], "383": [2], "384": [2], "385": [2], "386": [2], "387": [10], "388": [0], "389": [13], "390": [5], "391": [5], "392": [5], "393": [5], "394": [5], "395": [5], "396": [5], "397": [5], "398": [5], "399": [5], "400": [5], "401": [5], "402": [2], "403": [8], "404": [10], "405": [10], "406": [10], "407": [10], "408": [10], "409": [10], "410": [20], "411": [20], "412": [3], "413": [3], "414": [4], "415": [5], "416": [5], "417": [2], "418": [8], "419": [0, 21], "420": [14, 21], "421": [2], "422": [2], "423": [5], "424": [5], "425": [5], "426": [5], "427": [2], "428": [8], "429": [8], "430": [20], "431": [20], "432": [20], "433": [20], "434": [1], "435": [1], "436": [1], "437": [1], "438": [1], "439": [2], "440": [2], "441": [2], "442": [4], "443": [4], "444": [4], "445": [4], "446": [2], "447": [5], "448": [6], "449": [19], "450": [19], "451": [19], "452": [19], "453": [19], "454": [2], "455": [2], "456": [8], "457": [20], "458": [20], "459": [20], "460": [1], "461": [1], "462": [4], "463": [4], "464": [4], "465": [4], "466": [6], "467": [5], "468": [5], "469": [5], "470": [5], "471": [5], "472": [20], "473": [20], "474": [2], "475": [4], "476": [4], "477": [5], "478": [6], "479": [6], "480": [5], "481": [5], "482": [5], "483": [5], "484": [8], "485": [8], "486": [20], "487": [14, 15], "488": [14, 15], "489": [1], "490": [4], "491": [4], "492": [4], "493": [4], "494": [2], "495": [16], "496": [16], "497": [16], "498": [16], "499": [16], "500": [7], "501": [7], "502": [17, 18], "503": [5], "504": [8], "505": [5], "506": [5], "507": [5], "508": [2], "509": [8], "510": [9], "511": [9], "512": [9], "513": [9], "514": [9], "515": [9], "516": [11], "517": [12], "518": [20], "519": [1], "520": [4], "521": [2], "522": [16], "523": [17, 18], "524": [5], "525": [5], "526": [5], "527": [5], "528": [5], "529": [5], "530": [2], "531": [10], "532": [20], "533": [5], "534": [2], "535": [8], "536": [14, 15], "537": [14, 15], "538": [14, 15], "539": [1], "540": [1], "541": [1], "542": [4], "543": [4], "544": [4], "545": [4], "546": [4], "547": [4], "548": [4], "549": [4], "550": [16], "551": [16], "552": [16], "553": [16], "554": [16], "555": [16], "556": [16], "557": [5], "558": [7], "559": [7], "560": [7], "561": [17, 18], "562": [17, 18], "563": [17, 18], "564": [17, 18], "565": [17, 18], "566": [19], "567": [5], "568": [5], "569": [5], "570": [2], "571": [8], "572": [8], "573": [10], "574": [9], "575": [9], "576": [9], "577": [9], "578": [9], "579": [9], "580": [9], "581": [9], "582": [11], "583": [11], "584": [20], "585": [6], "586": [8], "587": [5], "588": [5], "589": [10], "590": [20], "591": [14, 21], "592": [14, 21], "593": [2], "594": [13], "595": [4], "596": [4], "597": [4], "598": [4], "599": [2], "600": [5], "601": [5], "602": [5], "603": [5], "604": [6], "605": [6], "606": [19], "607": [8], "608": [5], "609": [8], "610": [11], "611": [11], "612": [12], "613": [11], "614": [1], "615": [1], "616": [1], "617": [1], "618": [4], "619": [5], "620": [5], "621": [5], "622": [20], "623": [2], "624": [3], "625": [4], "626": [4], "627": [5], "628": [5], "629": [2], "630": [8], "631": [8], "632": [2], "633": [4], "634": [6], "635": [6], "636": [6], "637": [7], "638": [7], "639": [5], "640": [5], "641": [5], "642": [5], "643": [14, 15], "644": [14, 15], "645": [14, 15], "646": [14, 15], "647": [2], "648": [5], "649": [17, 18], "650": [17, 18], "651": [17, 18], "652": [17, 18], "653": [5], "654": [5], "655": [8], "656": [8], "657": [8], "658": [20], "659": [5], "660": [5], "661": [5], "662": [2], "663": [8], "664": [5], "665": [2], "666": [8], "667": [8], "668": [9], "669": [12], "670": [6, 13], "671": [5], "672": [8], "673": [4], "674": [4], "675": [17, 18], "676": [7], "677": [17, 18], "678": [17, 18], "679": [17, 18], "680": [5], "681": [8], "682": [8], "683": [9], "684": [9], "685": [9], "686": [9], "687": [9], "688": [14, 15], "689": [14, 15], "690": [4], "691": [16], "692": [16], "693": [16], "694": [16], "695": [16], "696": [19], "697": [5], "698": [5], "699": [5], "700": [5], "701": [5], "702": [5], "703": [8], "704": [8], "705": [9], "706": [9], "707": [9], "708": [9], "709": [5], "710": [2], "711": [8], "712": [9], "713": [2], "714": [5], "715": [2], "716": [5], "717": [8], "718": [8], "719": [8], "720": [5], "721": [8], "722": [8], "723": [9], "724": [11], "725": [11], "726": [11], "727": [11], "728": [6, 13], "729": [6, 13], "730": [13], "731": [13], "732": [7], "733": [17, 18], "734": [5], "735": [8], "736": [12], "737": [11], "738": [11], "739": [2], "740": [6], "741": [5], "742": [2], "743": [8], "744": [9], "745": [9], "746": [9], "747": [9], "748": [9], "749": [8], "750": [9], "751": [14, 15], "752": [16], "753": [16], "754": [16], "755": [16], "756": [16], "757": [8], "758": [9], "759": [9], "760": [9], "761": [11], "762": [11], "763": [11], "764": [11], "765": [17, 18], "766": [17, 18], "767": [5], "768": [2], "769": [7], "770": [7], "771": [2], "772": [8], "773": [8], "774": [17, 18], "775": [14, 15], "776": [14, 15], "777": [14, 15], "778": [11], "779": [12], "780": [11], "781": [13], "782": [5], "783": [13], "784": [7], "785": [9], "786": [5], "787": [6, 13], "788": [14, 15], "789": [16], "790": [17, 18], "791": [17, 18], "792": [17, 18], "793": [17, 18], "794": [17, 18], "795": [17, 18], "796": [17, 18], "797": [17, 18], "798": [8], "799": [9], "800": [9], "801": [9], "802": [9], "803": [5], "804": [6, 13], "805": [14, 15], "806": [14, 15], "807": [2], "808": [9], "809": [9], "810": [9], "811": [9], "812": [9], "813": [12], "814": [8], "815": [9], "816": [11], "817": [1], "818": [6], "819": [2], "820": [1], "821": [2], "822": [9], "823": [9], "824": [9], "825": [11], "826": [11], "827": [11], "828": [9], "829": [9], "830": [17, 18], "831": [17, 18], "832": [17, 18], "833": [17, 18], "834": [17, 18], "835": [17, 18], "836": [7], "837": [17, 18], "838": [17, 18], "839": [17, 18], "840": [17, 18], "841": [17, 18], "842": [17, 18], "843": [5], "844": [9], "845": [9], "846": [11], "847": [11], "848": [12], "849": [11], "850": [2], "851": [17, 18], "852": [17, 18], "853": [9], "854": [5], "855": [7], "856": [7], "857": [7], "858": [7], "859": [17, 18], "860": [17, 18], "861": [11], "862": [11], "863": [11], "864": [7], "865": [7], "866": [7], "867": [21], "868": [21], "869": [21], "870": [21], "871": [21], "872": [21], "873": [21], "874": [9], "875": [9], "876": [9], "877": [12], "878": [12], "879": [11], "880": [11], "881": [11], "882": [16], "883": [8], "884": [17, 18], "885": [17, 18], "886": [17, 18], "887": [7], "888": [17, 18], "889": [17, 18], "890": [17, 18], "891": [7], "892": [21], "893": [21], "894": [21], "895": [21], "896": [21], "897": [21], "898": [21], "899": [21], "900": [21], "901": [21], "902": [21]}